{"cameraMode":{"drawMode":0,"name":"Shaded","section":"Shading Mode"},"sceneLighting":true,"audioPlay":false,"sceneViewState":{"m_AlwaysRefresh":false,"showFog":true,"showSkybox":true,"showFlares":true,"showImageEffects":true,"showParticleSystems":true,"showVisualEffectGraphs":true,"m_FxEnabled":true},"in2DMode":false,"pivot":{"x":14.013410568237305,"y":-9.112543106079102,"z":14.591983795166016},"rotation":{"x":-0.18212150037288667,"y":-0.3896963894367218,"z":0.07891745865345001,"w":-0.8993089199066162},"size":13.852355003356934,"orthographic":false}