{"cameraMode":{"drawMode":0,"name":"Shaded","section":"Shading Mode"},"sceneLighting":true,"audioPlay":false,"sceneViewState":{"m_AlwaysRefresh":false,"showFog":true,"showSkybox":true,"showFlares":true,"showImageEffects":true,"showParticleSystems":true,"showVisualEffectGraphs":true,"m_FxEnabled":true},"in2DMode":false,"pivot":{"x":0.11718428134918213,"y":0.7082962989807129,"z":1.3494720458984376},"rotation":{"x":-0.2913931906223297,"y":-0.2754875421524048,"z":0.0880364328622818,"w":-0.9118390083312988},"size":3.0919933319091799,"orthographic":false}